case_id,variety_class,dimension_scope,codimension_scope,coefficient_ring,status,mechanism,primary_source,audit_state,limitations
HC-KC-000,all smooth projective varieties over C,all,0,Q,THEOREM,component or fundamental classes,standard topology,PROVED_IN_PACKAGE,componentwise convention when disconnected
HC-KC-001,all smooth projective varieties over C,all,n,Q,THEOREM,point classes and top cohomology,standard topology,PROVED_IN_PACKAGE,componentwise convention when disconnected
HC-KC-002,all smooth projective varieties over C,all,1,Q,THEOREM,Lefschetz (1,1) via line bundles and divisors,Kodaira-Spencer 1953 / classical Lefschetz theorem,OPERATIONALLY_AUDITED,exact historical theorem locator refinement pending
HC-KC-003,all smooth projective varieties over C,all,n-1,Q,THEOREM,hard Lefschetz Hodge-structure preimage plus divisor class and hyperplane powers,Deligne official description plus classical hard Lefschetz,PROVED_IN_PACKAGE_CONDITIONAL_ON_IMPORTED_THEOREMS,does not prove algebraicity of inverse Lefschetz correspondence
HC-KC-004,all smooth projective varieties over C,n<=3,all,Q,THEOREM,exhaustion by codimensions 0 1 n-1 n,Clay official status plus HC-KC-000..003,PROVED_IN_PACKAGE,no claim for dimension four
HC-KC-005,smooth cubic fourfolds,4,2,Q,THEOREM,special cubic-fourfold geometry and Hodge theory,Steven Zucker 1977,PRIMARY_FULL_TEXT_LOCATION_AUDITED,special family only
HC-KC-006,arbitrary smooth projective fourfolds,4,2,Q,OPEN,none known universally,Clay official status,AUDITED_CURRENT_2026-07-24,first unrestricted new case
HC-KC-007,abelian varieties,arbitrary,arbitrary,Q,PARTIAL_AND_SPECIAL_RESULTS,absolute-Hodge and specialized algebraic-cycle results; not full general algebraicity from absoluteness,Deligne 1980 and additional case-specific literature,BOUNDARY_ONLY,comprehensive known-case audit pending
HC-KC-008,products and powers of selected curves surfaces or abelian varieties,restricted,restricted,Q,CASE_DEPENDENT,various Kunneth endomorphism and invariant-theory constructions,source-by-source required,UNADMITTED_UNTIL_AUDITED,no generic promotion from category name
